{"cameraMode":{"drawMode":0,"name":"Shaded","section":"Shading Mode"},"sceneLighting":true,"audioPlay":false,"sceneViewState":{"showFog":true,"showMaterialUpdate":false,"showSkybox":true,"showFlares":true,"showImageEffects":true,"showParticleSystems":true},"in2DMode":false,"pivot":{"x":-0.33436763286590578,"y":0.38148289918899538,"z":-2.059258460998535},"rotation":{"x":0.09568928927183151,"y":-0.058198101818561557,"z":0.005603494122624397,"w":0.9936991930007935},"size":0.4991527199745178,"orthographic":true}