{"cameraMode":{"drawMode":0,"name":"Shaded","section":"Shading Mode"},"sceneLighting":true,"audioPlay":false,"sceneViewState":{"showFog":true,"showMaterialUpdate":false,"showSkybox":true,"showFlares":true,"showImageEffects":true,"showParticleSystems":true},"in2DMode":false,"pivot":{"x":-1.6740226745605469,"y":0.33000001311302187,"z":-2.060788631439209},"rotation":{"x":0.10324770212173462,"y":-0.03579946234822273,"z":0.0037186213303357364,"w":0.993999183177948},"size":1.950260043144226,"orthographic":true}