{"cameraMode":{"drawMode":0,"name":"Shaded","section":"Shading Mode"},"sceneLighting":true,"audioPlay":false,"sceneViewState":{"showFog":true,"showMaterialUpdate":false,"showSkybox":true,"showFlares":true,"showImageEffects":true,"showParticleSystems":true},"in2DMode":false,"pivot":{"x":-1.2051753997802735,"y":0.7757568359375,"z":-0.525390625},"rotation":{"x":0.05846145749092102,"y":-0.013476990163326264,"z":0.0007888309773989022,"w":0.9982015490531921},"size":2.7266786098480226,"orthographic":true}